-- Trendora Synthetic Seed Data (derived from questionnaire responses)

-- Clear existing data so the seed is idempotent
TRUNCATE TABLE
  cart_items, carts, addresses, coupon_usages, order_items, orders, deliveries,
  inventory, product_variants, product_images, reviews, product_promotions,
  category_promotions, product, categories, vendor, customer, payment
CASCADE;

-- VENDORS (33 responses, all fashion businesses, located in Buea)
INSERT INTO vendor (vendor_id, brand_name, vendor_name, vendor_email, telephone_num, business_address, is_verified, created_at) VALUES
  ('0000a100-0000-0000-0000-000000000001', 'Molyko Styles', 'Molyko Styles', 'molyko.styles@gmail.com', '+237650111001', 'Fashion boutique at Molyko Junction, Buea.', true, NOW() - INTERVAL '2 years'),
  ('0000a100-0000-0000-0000-000000000002', 'Mile 17 Fashion', 'Mile 17 Fashion', 'mile17.fashion@gmail.com', '+237670222002', 'Trendy clothing store near Mile 17 Motor Park.', true, NOW() - INTERVAL '1 year'),
  ('0000a100-0000-0000-0000-000000000003', 'Buea Town Boutique', 'Buea Town Boutique', 'bueatown.boutique@gmail.com', '+237680333003', 'Fashion and accessories in Buea Town.', true, NOW() - INTERVAL '3 years'),
  ('0000a100-0000-0000-0000-000000000004', 'Great Soppo Wear', 'Great Soppo Wear', 'greatsoppo.wear@gmail.com', '+237690444004', 'Affordable everyday fashion in Great Soppo.', true, NOW() - INTERVAL '6 months'),
  ('0000a100-0000-0000-0000-000000000005', 'Bonduma Fashion', 'Bonduma Fashion', 'bonduma.fashion@gmail.com', '+237651555005', 'Streetwear and casual fashion in Bonduma.', true, NOW() - INTERVAL '4 years'),
  ('0000a100-0000-0000-0000-000000000006', 'Small Soppo Trends', 'Small Soppo Trends', 'smallsoppo.trends@gmail.com', '+237671666006', 'Student fashion near Small Soppo area.', true, NOW() - INTERVAL '2 years'),
  ('0000a100-0000-0000-0000-000000000007', 'Check Point Glam', 'Check Point Glam', 'checkpoint.glam@gmail.com', '+237681777007', 'Fashion store at Check Point, Buea.', true, NOW() - INTERVAL '5 years'),
  ('0000a100-0000-0000-0000-000000000008', 'Clerks Quarter Style', 'Clerks Quarter Style', 'clerksquarter.style@gmail.com', '+237690888008', 'Premium fashion in Clerks Quarter.', true, NOW() - INTERVAL '1 year'),
  ('0000a100-0000-0000-0000-000000000009', 'Wokoko Fashion House', 'Wokoko Fashion House', 'wokoko.fashion@gmail.com', '+237652999009', 'Fashion and accessories in Wokoko, Buea.', true, NOW() - INTERVAL '8 months'),
  ('0000a100-0000-0000-0000-000000000010', 'GRA Boutique', 'GRA Boutique', 'gra.boutique@gmail.com', '+237672000010', 'Upscale fashion in the GRA area, Buea.', true, NOW() - INTERVAL '3 years'),
  ('0000a100-0000-0000-0000-000000000011', 'Muea Road Wear', 'Muea Road Wear', 'muea.road.wear@gmail.com', '+237682100011', 'Everyday wear along Muea Road.', true, NOW() - INTERVAL '2 years'),
  ('0000a100-0000-0000-0000-000000000012', 'Tole Tea Fashion', 'Tole Tea Fashion', 'toletea.fashion@gmail.com', '+237693200012', 'Fashion boutique near Tole Tea Estate road.', true, NOW() - INTERVAL '4 years'),
  ('0000a100-0000-0000-0000-000000000013', 'Sandbox Styles', 'Sandbox Styles', 'sandbox.styles@gmail.com', '+237653300013', 'Youth-oriented fashion in Sandpit, Buea.', true, NOW() - INTERVAL '1 year'),
  ('0000a100-0000-0000-0000-000000000014', 'Bokwango Threads', 'Bokwango Threads', 'bokwango.threads@gmail.com', '+237674400014', 'Quality fashion near Bokwango, Buea.', true, NOW() - INTERVAL '6 months'),
  ('0000a100-0000-0000-0000-000000000015', 'Camvert Fashion', 'Camvert Fashion', 'camvert.fashion@gmail.com', '+237685500015', 'Casual and formal wear near Camvert area.', true, NOW() - INTERVAL '2 years'),
  ('0000a100-0000-0000-0000-000000000016', 'Fako Wear', 'Fako Wear', 'fako.wear@gmail.com', '+237696600016', 'Inspired by Mount Fako, casual Buea fashion.', true, NOW() - INTERVAL '3 years'),
  ('0000a100-0000-0000-0000-000000000017', 'Malingo Fashion', 'Malingo Fashion', 'malingo.fashion@gmail.com', '+237657700017', 'Fashion outlet in Malingo, Buea.', true, NOW() - INTERVAL '1 year'),
  ('0000a100-0000-0000-0000-000000000018', 'UB Junction Store', 'UB Junction Store', 'ubjunction.store@gmail.com', '+237678800018', 'Student fashion at UB Junction.', true, NOW() - INTERVAL '5 months'),
  ('0000a100-0000-0000-0000-000000000019', 'Molyko Market Style', 'Molyko Market Style', 'molykomarket.style@gmail.com', '+237689900019', 'Affordable fashion at Molyko Market.', true, NOW() - INTERVAL '2 years'),
  ('0000a100-0000-0000-0000-000000000020', 'Down Beach Threads', 'Down Beach Threads', 'downbeach.threads@gmail.com', '+237691000020', 'Casual beachwear and fashion near Buea road.', true, NOW() - INTERVAL '4 years'),
  ('0000a100-0000-0000-0000-000000000021', 'Buea Road Fashion', 'Buea Road Fashion', 'buearoad.fashion@gmail.com', '+237652100021', 'Fashion along the Buea-Mutengene road.', true, NOW() - INTERVAL '1 year'),
  ('0000a100-0000-0000-0000-000000000022', 'Soppo Market Wear', 'Soppo Market Wear', 'soppomarket.wear@gmail.com', '+237673200022', 'Market fashion and daily wear in Soppo.', true, NOW() - INTERVAL '3 years'),
  ('0000a100-0000-0000-0000-000000000023', 'Federal Quarter Style', 'Federal Quarter Style', 'federalquarter.style@gmail.com', '+237684300023', 'Fashion boutique in Federal Quarter, Buea.', true, NOW() - INTERVAL '2 years'),
  ('0000a100-0000-0000-0000-000000000024', 'Buea Heights Fashion', 'Buea Heights Fashion', 'bueaheights.fashion@gmail.com', '+237695400024', 'Uphill fashion in Buea Heights area.', true, NOW() - INTERVAL '8 months'),
  ('0000a100-0000-0000-0000-000000000025', 'Likoko Threads', 'Likoko Threads', 'likoko.threads@gmail.com', '+237656500025', 'Fashion and accessories in Likoko, Buea.', true, NOW() - INTERVAL '1 year'),
  ('0000a100-0000-0000-0000-000000000026', 'Buea Market Fashion', 'Buea Market Fashion', 'bueamarket.fashion@gmail.com', '+237677600026', 'Central market fashion in Buea.', true, NOW() - INTERVAL '6 years'),
  ('0000a100-0000-0000-0000-000000000027', 'Mile 16 Styles', 'Mile 16 Styles', 'mile16.styles@gmail.com', '+237688700027', 'Fashion near Mile 16, Buea.', true, NOW() - INTERVAL '3 years'),
  ('0000a100-0000-0000-0000-000000000028', 'Buea Cosmetics Hub', 'Buea Cosmetics Hub', 'buea.cosmetics@gmail.com', '+237699800028', 'Cosmetics and beauty products in Buea Town.', true, NOW() - INTERVAL '2 years'),
  ('0000a100-0000-0000-0000-000000000029', 'Molyko Glam', 'Molyko Glam', 'molyko.glam@gmail.com', '+237651900029', 'Glam and accessories at Molyko, Buea.', true, NOW() - INTERVAL '4 months'),
  ('0000a100-0000-0000-0000-000000000030', 'Biafra Fashion', 'Biafra Fashion', 'biafra.fashion@gmail.com', '+237672000030', 'Fashion near Biafra Junction, Buea.', true, NOW() - INTERVAL '5 years'),
  ('0000a100-0000-0000-0000-000000000031', 'Buea Student Wear', 'Buea Student Wear', 'buea.studentwear@gmail.com', '+237683100031', 'Budget fashion targeting UB students.', true, NOW() - INTERVAL '1 year'),
  ('0000a100-0000-0000-0000-000000000032', 'Fako Accessories', 'Fako Accessories', 'fako.accessories@gmail.com', '+237694200032', 'Bags, belts and accessories in Buea.', true, NOW() - INTERVAL '2 years'),
  ('0000a100-0000-0000-0000-000000000033', 'Buea Runway', 'Buea Runway', 'buea.runway@gmail.com', '+237655300033', 'Premium fashion outlet in Molyko, Buea.', true, NOW() - INTERVAL '3 years');

-- CATEGORIES
INSERT INTO categories (cat_id, cat_name) VALUES
  ('0000b100-0000-0000-0000-000000000001', 'Men''s Clothing'),
  ('0000b100-0000-0000-0000-000000000002', 'Women''s Clothing'),
  ('0000b100-0000-0000-0000-000000000003', 'Shoes'),
  ('0000b100-0000-0000-0000-000000000004', 'Watches & Accessories'),
  ('0000b100-0000-0000-0000-000000000005', 'Cosmetics & Beauty')
;

-- PRODUCTS (one per vendor, 33 total)
INSERT INTO product (prod_id, vendor_id, cat_id, prod_name, prod_description, price) VALUES
  ('0000c100-0000-0000-0000-000000000001', '0000a100-0000-0000-0000-000000000001', '0000b100-0000-0000-0000-000000000001', 'Classic Denim Jeans', 'Straight-cut denim jeans suitable for daily wear. Available in multiple sizes.', 20000.00),
  ('0000c100-0000-0000-0000-000000000002', '0000a100-0000-0000-0000-000000000002', '0000b100-0000-0000-0000-000000000002', 'Elegant Summer Dress', 'Lightweight floral print dress. Breathable fabric with elegant cut.', 45000.00),
  ('0000c100-0000-0000-0000-000000000003', '0000a100-0000-0000-0000-000000000003', '0000b100-0000-0000-0000-000000000001', 'Streetwear Hoodie', 'Oversized hoodie with kangaroo pocket and soft fleece interior.', 25000.00),
  ('0000c100-0000-0000-0000-000000000004', '0000a100-0000-0000-0000-000000000004', '0000b100-0000-0000-0000-000000000003', 'Classic White Sneakers', 'Clean everyday sneakers with durable sole for city wear.', 28500.00),
  ('0000c100-0000-0000-0000-000000000005', '0000a100-0000-0000-0000-000000000005', '0000b100-0000-0000-0000-000000000004', 'Luxury Gold Watch', 'Premium quartz watch with gold-tone case and leather strap.', 75000.00),
  ('0000c100-0000-0000-0000-000000000006', '0000a100-0000-0000-0000-000000000006', '0000b100-0000-0000-0000-000000000001', 'Brown Leather Jacket', 'Genuine leather jacket with quilted interior lining. Classic biker style.', 95000.00),
  ('0000c100-0000-0000-0000-000000000007', '0000a100-0000-0000-0000-000000000007', '0000b100-0000-0000-0000-000000000002', 'Ankara Print Maxi Dress', 'Bold Ankara fabric maxi dress. Handmade with vibrant patterns.', 35000.00),
  ('0000c100-0000-0000-0000-000000000008', '0000a100-0000-0000-0000-000000000008', '0000b100-0000-0000-0000-000000000003', 'Women''s Flat Sandals', 'Comfortable flat sandals with cushioned sole for daily use.', 12000.00),
  ('0000c100-0000-0000-0000-000000000009', '0000a100-0000-0000-0000-000000000009', '0000b100-0000-0000-0000-000000000005', 'Shea Butter Moisturizer', 'Pure shea butter moisturizer enriched with vitamin E. Sourced locally.', 8500.00),
  ('0000c100-0000-0000-0000-000000000010', '0000a100-0000-0000-0000-000000000010', '0000b100-0000-0000-0000-000000000001', 'Men''s Casual Polo Shirt', 'Breathable cotton polo shirt for work or weekend wear.', 14000.00),
  ('0000c100-0000-0000-0000-000000000011', '0000a100-0000-0000-0000-000000000011', '0000b100-0000-0000-0000-000000000002', 'High-Waist Jogger Pants', 'Comfortable jogger pants with side pockets. Great for gym or loungewear.', 18000.00),
  ('0000c100-0000-0000-0000-000000000012', '0000a100-0000-0000-0000-000000000012', '0000b100-0000-0000-0000-000000000004', 'Woven Leather Belt', 'Genuine woven leather belt with silver-tone buckle.', 9500.00),
  ('0000c100-0000-0000-0000-000000000013', '0000a100-0000-0000-0000-000000000013', '0000b100-0000-0000-0000-000000000002', 'Chiffon Evening Blouse', 'Lightweight chiffon blouse with flowy sleeves for evenings out.', 22000.00),
  ('0000c100-0000-0000-0000-000000000014', '0000a100-0000-0000-0000-000000000014', '0000b100-0000-0000-0000-000000000003', 'Men''s Oxford Formal Shoes', 'Classic leather oxford shoes. Perfect for office and formal events.', 42000.00),
  ('0000c100-0000-0000-0000-000000000015', '0000a100-0000-0000-0000-000000000015', '0000b100-0000-0000-0000-000000000005', 'Argan Oil Hair Serum', 'Nourishing hair serum with pure argan oil. Reduces frizz and adds shine.', 11000.00),
  ('0000c100-0000-0000-0000-000000000016', '0000a100-0000-0000-0000-000000000016', '0000b100-0000-0000-0000-000000000001', 'Slim Fit Chinos', 'Classic slim fit chino trousers for campus and casual outings.', 16500.00),
  ('0000c100-0000-0000-0000-000000000017', '0000a100-0000-0000-0000-000000000017', '0000b100-0000-0000-0000-000000000002', 'Mini Wrap Skirt', 'Trendy wrap-style mini skirt with floral print.', 13000.00),
  ('0000c100-0000-0000-0000-000000000018', '0000a100-0000-0000-0000-000000000018', '0000b100-0000-0000-0000-000000000004', 'Crossbody Handbag', 'Compact faux leather crossbody bag with zip closure.', 19000.00),
  ('0000c100-0000-0000-0000-000000000019', '0000a100-0000-0000-0000-000000000019', '0000b100-0000-0000-0000-000000000001', 'Linen Button-Down Shirt', 'Breathable linen shirt for hot weather. Classic button-down collar.', 17500.00),
  ('0000c100-0000-0000-0000-000000000020', '0000a100-0000-0000-0000-000000000020', '0000b100-0000-0000-0000-000000000003', 'Women''s Block Heel Pumps', 'Stylish block heel pumps with cushioned footbed.', 32000.00),
  ('0000c100-0000-0000-0000-000000000021', '0000a100-0000-0000-0000-000000000021', '0000b100-0000-0000-0000-000000000002', 'Floral Midi Dress', 'Flowy floral midi dress. Lightweight fabric perfect for warm weather.', 28000.00),
  ('0000c100-0000-0000-0000-000000000022', '0000a100-0000-0000-0000-000000000022', '0000b100-0000-0000-0000-000000000001', 'Men''s Track Jacket', 'Zippered track jacket. Lightweight and great for outdoor activities.', 21000.00),
  ('0000c100-0000-0000-0000-000000000023', '0000a100-0000-0000-0000-000000000023', '0000b100-0000-0000-0000-000000000004', 'Sunglasses Classic', 'UV400 protection sunglasses. Unisex classic frame design.', 7500.00),
  ('0000c100-0000-0000-0000-000000000024', '0000a100-0000-0000-0000-000000000024', '0000b100-0000-0000-0000-000000000005', 'Facial Cleanser Gel', 'Gentle foaming facial cleanser for all skin types. 150ml.', 6500.00),
  ('0000c100-0000-0000-0000-000000000025', '0000a100-0000-0000-0000-000000000025', '0000b100-0000-0000-0000-000000000002', 'Bodycon Dress', 'Stretchy bodycon dress. Great for parties and events.', 23000.00),
  ('0000c100-0000-0000-0000-000000000026', '0000a100-0000-0000-0000-000000000026', '0000b100-0000-0000-0000-000000000001', 'Cargo Pants', 'Multi-pocket cargo pants. Durable fabric for outdoor use.', 19500.00),
  ('0000c100-0000-0000-0000-000000000027', '0000a100-0000-0000-0000-000000000027', '0000b100-0000-0000-0000-000000000003', 'Men''s Running Shoes', 'Lightweight running shoes with breathable mesh upper.', 35000.00),
  ('0000c100-0000-0000-0000-000000000028', '0000a100-0000-0000-0000-000000000028', '0000b100-0000-0000-0000-000000000005', 'Coconut Body Lotion', 'Moisturizing coconut oil body lotion. 250ml. Locally sourced ingredients.', 5500.00),
  ('0000c100-0000-0000-0000-000000000029', '0000a100-0000-0000-0000-000000000029', '0000b100-0000-0000-0000-000000000004', 'Silver Chain Necklace', 'Stainless steel silver chain necklace. Unisex design.', 12500.00),
  ('0000c100-0000-0000-0000-000000000030', '0000a100-0000-0000-0000-000000000030', '0000b100-0000-0000-0000-000000000002', 'Wrap Top Blouse', 'Elegant wrap-style blouse. Fits multiple sizes comfortably.', 15000.00),
  ('0000c100-0000-0000-0000-000000000031', '0000a100-0000-0000-0000-000000000031', '0000b100-0000-0000-0000-000000000001', 'Graphic Print T-Shirt', 'Cotton graphic t-shirt. Bold designs for everyday wear.', 8000.00),
  ('0000c100-0000-0000-0000-000000000032', '0000a100-0000-0000-0000-000000000032', '0000b100-0000-0000-0000-000000000004', 'Canvas Tote Bag', 'Durable canvas tote bag with zip pocket. Great for campus.', 6000.00),
  ('0000c100-0000-0000-0000-000000000033', '0000a100-0000-0000-0000-000000000033', '0000b100-0000-0000-0000-000000000002', 'Satin Night Dress', 'Smooth satin nightdress. Comfortable and elegant.', 18500.00);

-- PRODUCT VARIANTS (2-3 per product)
INSERT INTO product_variants (prod_var_id, prod_id, prod_size, prod_color, stock_quantity, prod_price)
SELECT v.prod_var_id, v.prod_id, v.prod_size, v.prod_color, v.stock_quantity, p.price + v.add_price
FROM (VALUES
  ('0000d100-0000-0000-0000-000000000001'::uuid, '0000c100-0000-0000-0000-000000000001'::uuid, 'S', 'Dark Blue', 30, 0),
  ('0000d100-0000-0000-0000-000000000002'::uuid, '0000c100-0000-0000-0000-000000000001'::uuid, 'M', 'Dark Blue', 25, 0),
  ('0000d100-0000-0000-0000-000000000003'::uuid, '0000c100-0000-0000-0000-000000000001'::uuid, 'L', 'Black', 20, 0),
  ('0000d100-0000-0000-0000-000000000004'::uuid, '0000c100-0000-0000-0000-000000000002'::uuid, 'S', 'Orange/White', 15, 0),
  ('0000d100-0000-0000-0000-000000000005'::uuid, '0000c100-0000-0000-0000-000000000002'::uuid, 'M', 'Orange/White', 20, 0),
  ('0000d100-0000-0000-0000-000000000006'::uuid, '0000c100-0000-0000-0000-000000000002'::uuid, 'L', 'Blue/White', 10, 2000),
  ('0000d100-0000-0000-0000-000000000007'::uuid, '0000c100-0000-0000-0000-000000000003'::uuid, 'M', 'Purple', 40, 0),
  ('0000d100-0000-0000-0000-000000000008'::uuid, '0000c100-0000-0000-0000-000000000003'::uuid, 'L', 'Purple', 35, 0),
  ('0000d100-0000-0000-0000-000000000009'::uuid, '0000c100-0000-0000-0000-000000000003'::uuid, 'XL', 'Black', 20, 1000),
  ('0000d100-0000-0000-0000-000000000010'::uuid, '0000c100-0000-0000-0000-000000000004'::uuid, 'EU 40', 'White/Orange', 25, 0),
  ('0000d100-0000-0000-0000-000000000011'::uuid, '0000c100-0000-0000-0000-000000000004'::uuid, 'EU 42', 'White/Orange', 30, 0),
  ('0000d100-0000-0000-0000-000000000012'::uuid, '0000c100-0000-0000-0000-000000000004'::uuid, 'EU 44', 'White/Black', 20, 0),
  ('0000d100-0000-0000-0000-000000000013'::uuid, '0000c100-0000-0000-0000-000000000005'::uuid, 'One Size', 'Gold/Brown', 10, 0),
  ('0000d100-0000-0000-0000-000000000014'::uuid, '0000c100-0000-0000-0000-000000000005'::uuid, 'One Size', 'Silver/Black', 8, 5000),
  ('0000d100-0000-0000-0000-000000000015'::uuid, '0000c100-0000-0000-0000-000000000006'::uuid, 'M', 'Brown', 12, 0),
  ('0000d100-0000-0000-0000-000000000016'::uuid, '0000c100-0000-0000-0000-000000000006'::uuid, 'L', 'Brown', 10, 0),
  ('0000d100-0000-0000-0000-000000000017'::uuid, '0000c100-0000-0000-0000-000000000006'::uuid, 'XL', 'Black', 8, 5000),
  ('0000d100-0000-0000-0000-000000000018'::uuid, '0000c100-0000-0000-0000-000000000007'::uuid, 'S', 'Red/Gold', 18, 0),
  ('0000d100-0000-0000-0000-000000000019'::uuid, '0000c100-0000-0000-0000-000000000007'::uuid, 'M', 'Red/Gold', 22, 0),
  ('0000d100-0000-0000-0000-000000000020'::uuid, '0000c100-0000-0000-0000-000000000007'::uuid, 'L', 'Blue/Gold', 15, 2000),
  ('0000d100-0000-0000-0000-000000000021'::uuid, '0000c100-0000-0000-0000-000000000008'::uuid, 'EU 37', 'Beige', 30, 0),
  ('0000d100-0000-0000-0000-000000000022'::uuid, '0000c100-0000-0000-0000-000000000008'::uuid, 'EU 39', 'Black', 25, 0),
  ('0000d100-0000-0000-0000-000000000023'::uuid, '0000c100-0000-0000-0000-000000000008'::uuid, 'EU 41', 'Brown', 20, 0),
  ('0000d100-0000-0000-0000-000000000024'::uuid, '0000c100-0000-0000-0000-000000000009'::uuid, 'One Size', 'Natural', 50, 0),
  ('0000d100-0000-0000-0000-000000000025'::uuid, '0000c100-0000-0000-0000-000000000010'::uuid, 'M', 'Navy Blue', 35, 0),
  ('0000d100-0000-0000-0000-000000000026'::uuid, '0000c100-0000-0000-0000-000000000010'::uuid, 'L', 'White', 30, 0),
  ('0000d100-0000-0000-0000-000000000027'::uuid, '0000c100-0000-0000-0000-000000000010'::uuid, 'XL', 'Black', 25, 0),
  ('0000d100-0000-0000-0000-000000000028'::uuid, '0000c100-0000-0000-0000-000000000011'::uuid, 'S', 'Grey', 30, 0),
  ('0000d100-0000-0000-0000-000000000029'::uuid, '0000c100-0000-0000-0000-000000000011'::uuid, 'M', 'Black', 35, 0),
  ('0000d100-0000-0000-0000-000000000030'::uuid, '0000c100-0000-0000-0000-000000000011'::uuid, 'L', 'Olive', 20, 0),
  ('0000d100-0000-0000-0000-000000000031'::uuid, '0000c100-0000-0000-0000-000000000012'::uuid, 'M (90cm)', 'Black', 40, 0),
  ('0000d100-0000-0000-0000-000000000032'::uuid, '0000c100-0000-0000-0000-000000000012'::uuid, 'L (100cm)', 'Brown', 35, 0),
  ('0000d100-0000-0000-0000-000000000033'::uuid, '0000c100-0000-0000-0000-000000000013'::uuid, 'S', 'Cream', 25, 0),
  ('0000d100-0000-0000-0000-000000000034'::uuid, '0000c100-0000-0000-0000-000000000013'::uuid, 'M', 'Blush Pink', 20, 0),
  ('0000d100-0000-0000-0000-000000000035'::uuid, '0000c100-0000-0000-0000-000000000013'::uuid, 'L', 'White', 18, 0),
  ('0000d100-0000-0000-0000-000000000036'::uuid, '0000c100-0000-0000-0000-000000000014'::uuid, 'EU 41', 'Black', 15, 0),
  ('0000d100-0000-0000-0000-000000000037'::uuid, '0000c100-0000-0000-0000-000000000014'::uuid, 'EU 43', 'Dark Brown', 12, 0),
  ('0000d100-0000-0000-0000-000000000038'::uuid, '0000c100-0000-0000-0000-000000000014'::uuid, 'EU 45', 'Black', 8, 0),
  ('0000d100-0000-0000-0000-000000000039'::uuid, '0000c100-0000-0000-0000-000000000015'::uuid, 'One Size', 'Natural', 60, 0),
  ('0000d100-0000-0000-0000-000000000040'::uuid, '0000c100-0000-0000-0000-000000000016'::uuid, 'S', 'Khaki', 30, 0),
  ('0000d100-0000-0000-0000-000000000041'::uuid, '0000c100-0000-0000-0000-000000000016'::uuid, 'M', 'Navy', 28, 0),
  ('0000d100-0000-0000-0000-000000000042'::uuid, '0000c100-0000-0000-0000-000000000016'::uuid, 'L', 'Beige', 22, 0),
  ('0000d100-0000-0000-0000-000000000043'::uuid, '0000c100-0000-0000-0000-000000000017'::uuid, 'S', 'Floral Pink', 25, 0),
  ('0000d100-0000-0000-0000-000000000044'::uuid, '0000c100-0000-0000-0000-000000000017'::uuid, 'M', 'Floral Yellow', 20, 0),
  ('0000d100-0000-0000-0000-000000000045'::uuid, '0000c100-0000-0000-0000-000000000018'::uuid, 'One Size', 'Black', 30, 0),
  ('0000d100-0000-0000-0000-000000000046'::uuid, '0000c100-0000-0000-0000-000000000018'::uuid, 'One Size', 'Tan Brown', 25, 0),
  ('0000d100-0000-0000-0000-000000000047'::uuid, '0000c100-0000-0000-0000-000000000018'::uuid, 'One Size', 'Burgundy', 15, 1500),
  ('0000d100-0000-0000-0000-000000000048'::uuid, '0000c100-0000-0000-0000-000000000019'::uuid, 'M', 'White', 35, 0),
  ('0000d100-0000-0000-0000-000000000049'::uuid, '0000c100-0000-0000-0000-000000000019'::uuid, 'L', 'Sky Blue', 30, 0),
  ('0000d100-0000-0000-0000-000000000050'::uuid, '0000c100-0000-0000-0000-000000000019'::uuid, 'XL', 'Beige', 20, 0),
  ('0000d100-0000-0000-0000-000000000051'::uuid, '0000c100-0000-0000-0000-000000000020'::uuid, 'EU 37', 'Black', 20, 0),
  ('0000d100-0000-0000-0000-000000000052'::uuid, '0000c100-0000-0000-0000-000000000020'::uuid, 'EU 39', 'Nude', 18, 0),
  ('0000d100-0000-0000-0000-000000000053'::uuid, '0000c100-0000-0000-0000-000000000020'::uuid, 'EU 41', 'Red', 12, 2000),
  ('0000d100-0000-0000-0000-000000000054'::uuid, '0000c100-0000-0000-0000-000000000021'::uuid, 'S', 'Floral Red', 22, 0),
  ('0000d100-0000-0000-0000-000000000055'::uuid, '0000c100-0000-0000-0000-000000000021'::uuid, 'M', 'Floral Blue', 18, 0),
  ('0000d100-0000-0000-0000-000000000056'::uuid, '0000c100-0000-0000-0000-000000000022'::uuid, 'M', 'Black', 30, 0),
  ('0000d100-0000-0000-0000-000000000057'::uuid, '0000c100-0000-0000-0000-000000000022'::uuid, 'L', 'Navy', 25, 0),
  ('0000d100-0000-0000-0000-000000000058'::uuid, '0000c100-0000-0000-0000-000000000023'::uuid, 'One Size', 'Black', 45, 0),
  ('0000d100-0000-0000-0000-000000000059'::uuid, '0000c100-0000-0000-0000-000000000023'::uuid, 'One Size', 'Tortoise', 30, 0),
  ('0000d100-0000-0000-0000-000000000060'::uuid, '0000c100-0000-0000-0000-000000000024'::uuid, 'One Size', 'Clear', 60, 0),
  ('0000d100-0000-0000-0000-000000000061'::uuid, '0000c100-0000-0000-0000-000000000025'::uuid, 'S', 'Black', 20, 0),
  ('0000d100-0000-0000-0000-000000000062'::uuid, '0000c100-0000-0000-0000-000000000025'::uuid, 'M', 'Red', 18, 0),
  ('0000d100-0000-0000-0000-000000000063'::uuid, '0000c100-0000-0000-0000-000000000026'::uuid, 'M', 'Khaki', 28, 0),
  ('0000d100-0000-0000-0000-000000000064'::uuid, '0000c100-0000-0000-0000-000000000026'::uuid, 'L', 'Olive', 22, 0),
  ('0000d100-0000-0000-0000-000000000065'::uuid, '0000c100-0000-0000-0000-000000000027'::uuid, 'EU 41', 'Grey/White', 20, 0),
  ('0000d100-0000-0000-0000-000000000066'::uuid, '0000c100-0000-0000-0000-000000000027'::uuid, 'EU 43', 'Black/Red', 18, 0),
  ('0000d100-0000-0000-0000-000000000067'::uuid, '0000c100-0000-0000-0000-000000000028'::uuid, 'One Size', 'Natural', 55, 0),
  ('0000d100-0000-0000-0000-000000000068'::uuid, '0000c100-0000-0000-0000-000000000029'::uuid, 'One Size', 'Silver', 40, 0),
  ('0000d100-0000-0000-0000-000000000069'::uuid, '0000c100-0000-0000-0000-000000000029'::uuid, 'One Size', 'Gold', 35, 1500),
  ('0000d100-0000-0000-0000-000000000070'::uuid, '0000c100-0000-0000-0000-000000000030'::uuid, 'S', 'White', 25, 0),
  ('0000d100-0000-0000-0000-000000000071'::uuid, '0000c100-0000-0000-0000-000000000030'::uuid, 'M', 'Black', 22, 0),
  ('0000d100-0000-0000-0000-000000000072'::uuid, '0000c100-0000-0000-0000-000000000031'::uuid, 'S', 'White', 50, 0),
  ('0000d100-0000-0000-0000-000000000073'::uuid, '0000c100-0000-0000-0000-000000000031'::uuid, 'M', 'Black', 45, 0),
  ('0000d100-0000-0000-0000-000000000074'::uuid, '0000c100-0000-0000-0000-000000000031'::uuid, 'L', 'Grey', 35, 0),
  ('0000d100-0000-0000-0000-000000000075'::uuid, '0000c100-0000-0000-0000-000000000032'::uuid, 'One Size', 'Beige', 40, 0),
  ('0000d100-0000-0000-0000-000000000076'::uuid, '0000c100-0000-0000-0000-000000000032'::uuid, 'One Size', 'Black', 35, 0),
  ('0000d100-0000-0000-0000-000000000077'::uuid, '0000c100-0000-0000-0000-000000000033'::uuid, 'S', 'Pink', 20, 0),
  ('0000d100-0000-0000-0000-000000000078'::uuid, '0000c100-0000-0000-0000-000000000033'::uuid, 'M', 'Black', 18, 0)
) AS v(prod_var_id, prod_id, prod_size, prod_color, stock_quantity, add_price)
JOIN product p ON p.prod_id = v.prod_id;

-- INVENTORY (initial stock for all variants)
INSERT INTO inventory (id, prod_var_id, stock_in, updated_at)
SELECT gen_random_uuid(), prod_var_id, stock_quantity, NOW() - INTERVAL '1 month'
FROM product_variants WHERE prod_var_id::text LIKE '0000d100%';

-- CUSTOMERS (60 responses from questionnaire, all synthetic names, mostly 18-35, Buea-based)
-- All passwords hash to 'password123'
INSERT INTO customer (customer_id, first_name, last_name, email, phone_num, password_hash, created_at) VALUES
  ('0000e100-0000-0000-0000-000000000001', 'Ngozi', 'Mbeki', 'ngozi.mbeki@trendora.test', '+237650100001', '$2b$10$XQB2XqQS5DXF9Q/OW3B9Zu3ULHkfA4EQq1oNt5CbM7BDsNt7tNLLm', NOW() - INTERVAL '8 months'),
  ('0000e100-0000-0000-0000-000000000002', 'Alain', 'Tchamba', 'alain.tchamba@trendora.test', '+237670200002', '$2b$10$XQB2XqQS5DXF9Q/OW3B9Zu3ULHkfA4EQq1oNt5CbM7BDsNt7tNLLm', NOW() - INTERVAL '7 months'),
  ('0000e100-0000-0000-0000-000000000003', 'Carine', 'Fotso', 'carine.fotso@trendora.test', '+237680300003', '$2b$10$XQB2XqQS5DXF9Q/OW3B9Zu3ULHkfA4EQq1oNt5CbM7BDsNt7tNLLm', NOW() - INTERVAL '6 months'),
  ('0000e100-0000-0000-0000-000000000004', 'Boris', 'Nkemdirim', 'boris.nkemdirim@trendora.test', '+237690400004', '$2b$10$XQB2XqQS5DXF9Q/OW3B9Zu3ULHkfA4EQq1oNt5CbM7BDsNt7tNLLm', NOW() - INTERVAL '5 months'),
  ('0000e100-0000-0000-0000-000000000005', 'Francine', 'Nguemeni', 'francine.nguemeni@trendora.test', '+237651500005', '$2b$10$XQB2XqQS5DXF9Q/OW3B9Zu3ULHkfA4EQq1oNt5CbM7BDsNt7tNLLm', NOW() - INTERVAL '4 months'),
  ('0000e100-0000-0000-0000-000000000006', 'Rodrigue', 'Essono', 'rodrigue.essono@trendora.test', '+237671600006', '$2b$10$XQB2XqQS5DXF9Q/OW3B9Zu3ULHkfA4EQq1oNt5CbM7BDsNt7tNLLm', NOW() - INTERVAL '3 months'),
  ('0000e100-0000-0000-0000-000000000007', 'Sandrine', 'Mbianda', 'sandrine.mbianda@trendora.test', '+237681700007', '$2b$10$XQB2XqQS5DXF9Q/OW3B9Zu3ULHkfA4EQq1oNt5CbM7BDsNt7tNLLm', NOW() - INTERVAL '10 months'),
  ('0000e100-0000-0000-0000-000000000008', 'Pascal', 'Ondoa', 'pascal.ondoa@trendora.test', '+237690800008', '$2b$10$XQB2XqQS5DXF9Q/OW3B9Zu3ULHkfA4EQq1oNt5CbM7BDsNt7tNLLm', NOW() - INTERVAL '9 months'),
  ('0000e100-0000-0000-0000-000000000009', 'Ghislaine', 'Biyong', 'ghislaine.biyong@trendora.test', '+237652900009', '$2b$10$XQB2XqQS5DXF9Q/OW3B9Zu3ULHkfA4EQq1oNt5CbM7BDsNt7tNLLm', NOW() - INTERVAL '2 months'),
  ('0000e100-0000-0000-0000-000000000010', 'Herve', 'Kamto', 'herve.kamto@trendora.test', '+237672001000', '$2b$10$XQB2XqQS5DXF9Q/OW3B9Zu3ULHkfA4EQq1oNt5CbM7BDsNt7tNLLm', NOW() - INTERVAL '1 month'),
  ('0000e100-0000-0000-0000-000000000011', 'Laure', 'Mfoumou', 'laure.mfoumou@trendora.test', '+237682100011', '$2b$10$XQB2XqQS5DXF9Q/OW3B9Zu3ULHkfA4EQq1oNt5CbM7BDsNt7tNLLm', NOW() - INTERVAL '5 months'),
  ('0000e100-0000-0000-0000-000000000012', 'Junior', 'Wase', 'junior.wase@trendora.test', '+237693200012', '$2b$10$XQB2XqQS5DXF9Q/OW3B9Zu3ULHkfA4EQq1oNt5CbM7BDsNt7tNLLm', NOW() - INTERVAL '3 months'),
  ('0000e100-0000-0000-0000-000000000013', 'Viviane', 'Tamba', 'viviane.tamba@trendora.test', '+237653300013', '$2b$10$XQB2XqQS5DXF9Q/OW3B9Zu3ULHkfA4EQq1oNt5CbM7BDsNt7tNLLm', NOW() - INTERVAL '6 months'),
  ('0000e100-0000-0000-0000-000000000014', 'Serge', 'Njike', 'serge.njike@trendora.test', '+237674400014', '$2b$10$XQB2XqQS5DXF9Q/OW3B9Zu3ULHkfA4EQq1oNt5CbM7BDsNt7tNLLm', NOW() - INTERVAL '4 months'),
  ('0000e100-0000-0000-0000-000000000015', 'Ornella', 'Kana', 'ornella.kana@trendora.test', '+237685500015', '$2b$10$XQB2XqQS5DXF9Q/OW3B9Zu3ULHkfA4EQq1oNt5CbM7BDsNt7tNLLm', NOW() - INTERVAL '2 months'),
  ('0000e100-0000-0000-0000-000000000016', 'Valery', 'Nkemeni', 'valery.nkemeni@trendora.test', '+237656600016', '$2b$10$XQB2XqQS5DXF9Q/OW3B9Zu3ULHkfA4EQq1oNt5CbM7BDsNt7tNLLm', NOW() - INTERVAL '7 months'),
  ('0000e100-0000-0000-0000-000000000017', 'Danielle', 'Eyoum', 'danielle.eyoum@trendora.test', '+237677700017', '$2b$10$XQB2XqQS5DXF9Q/OW3B9Zu3ULHkfA4EQq1oNt5CbM7BDsNt7tNLLm', NOW() - INTERVAL '5 months'),
  ('0000e100-0000-0000-0000-000000000018', 'Blaise', 'Ngando', 'blaise.ngando@trendora.test', '+237688800018', '$2b$10$XQB2XqQS5DXF9Q/OW3B9Zu3ULHkfA4EQq1oNt5CbM7BDsNt7tNLLm', NOW() - INTERVAL '9 months'),
  ('0000e100-0000-0000-0000-000000000019', 'Christelle', 'Manga', 'christelle.manga@trendora.test', '+237699900019', '$2b$10$XQB2XqQS5DXF9Q/OW3B9Zu3ULHkfA4EQq1oNt5CbM7BDsNt7tNLLm', NOW() - INTERVAL '11 months'),
  ('0000e100-0000-0000-0000-000000000020', 'Thierry', 'Bekono', 'thierry.bekono@trendora.test', '+237651000020', '$2b$10$XQB2XqQS5DXF9Q/OW3B9Zu3ULHkfA4EQq1oNt5CbM7BDsNt7tNLLm', NOW() - INTERVAL '4 months'),
  ('0000e100-0000-0000-0000-000000000021', 'Sylvie', 'Atangana', 'sylvie.atangana@trendora.test', '+237672100021', '$2b$10$XQB2XqQS5DXF9Q/OW3B9Zu3ULHkfA4EQq1oNt5CbM7BDsNt7tNLLm', NOW() - INTERVAL '3 months'),
  ('0000e100-0000-0000-0000-000000000022', 'Eric', 'Tientcheu', 'eric.tientcheu@trendora.test', '+237683200022', '$2b$10$XQB2XqQS5DXF9Q/OW3B9Zu3ULHkfA4EQq1oNt5CbM7BDsNt7tNLLm', NOW() - INTERVAL '6 months'),
  ('0000e100-0000-0000-0000-000000000023', 'Nadege', 'Owona', 'nadege.owona@trendora.test', '+237694300023', '$2b$10$XQB2XqQS5DXF9Q/OW3B9Zu3ULHkfA4EQq1oNt5CbM7BDsNt7tNLLm', NOW() - INTERVAL '2 months'),
  ('0000e100-0000-0000-0000-000000000024', 'Patrice', 'Mbida', 'patrice.mbida@trendora.test', '+237655400024', '$2b$10$XQB2XqQS5DXF9Q/OW3B9Zu3ULHkfA4EQq1oNt5CbM7BDsNt7tNLLm', NOW() - INTERVAL '8 months'),
  ('0000e100-0000-0000-0000-000000000025', 'Joelle', 'Ngo Bela', 'joelle.ngobela@trendora.test', '+237676500025', '$2b$10$XQB2XqQS5DXF9Q/OW3B9Zu3ULHkfA4EQq1oNt5CbM7BDsNt7tNLLm', NOW() - INTERVAL '1 month'),
  ('0000e100-0000-0000-0000-000000000026', 'Fabrice', 'Nkoa', 'fabrice.nkoa@trendora.test', '+237687600026', '$2b$10$XQB2XqQS5DXF9Q/OW3B9Zu3ULHkfA4EQq1oNt5CbM7BDsNt7tNLLm', NOW() - INTERVAL '5 months'),
  ('0000e100-0000-0000-0000-000000000027', 'Stephanie', 'Abomo', 'stephanie.abomo@trendora.test', '+237698700027', '$2b$10$XQB2XqQS5DXF9Q/OW3B9Zu3ULHkfA4EQq1oNt5CbM7BDsNt7tNLLm', NOW() - INTERVAL '3 months'),
  ('0000e100-0000-0000-0000-000000000028', 'Lionel', 'Zoa', 'lionel.zoa@trendora.test', '+237659800028', '$2b$10$XQB2XqQS5DXF9Q/OW3B9Zu3ULHkfA4EQq1oNt5CbM7BDsNt7tNLLm', NOW() - INTERVAL '7 months'),
  ('0000e100-0000-0000-0000-000000000029', 'Aurelie', 'Biwole', 'aurelie.biwole@trendora.test', '+237670900029', '$2b$10$XQB2XqQS5DXF9Q/OW3B9Zu3ULHkfA4EQq1oNt5CbM7BDsNt7tNLLm', NOW() - INTERVAL '4 months'),
  ('0000e100-0000-0000-0000-000000000030', 'Didier', 'Nganou', 'didier.nganou@trendora.test', '+237682000030', '$2b$10$XQB2XqQS5DXF9Q/OW3B9Zu3ULHkfA4EQq1oNt5CbM7BDsNt7tNLLm', NOW() - INTERVAL '10 months'),
  ('0000e100-0000-0000-0000-000000000031', 'Miriam', 'Tchakounte', 'miriam.tchakounte@trendora.test', '+237653100031', '$2b$10$XQB2XqQS5DXF9Q/OW3B9Zu3ULHkfA4EQq1oNt5CbM7BDsNt7tNLLm', NOW() - INTERVAL '2 months'),
  ('0000e100-0000-0000-0000-000000000032', 'Cedric', 'Njoya', 'cedric.njoya@trendora.test', '+237674200032', '$2b$10$XQB2XqQS5DXF9Q/OW3B9Zu3ULHkfA4EQq1oNt5CbM7BDsNt7tNLLm', NOW() - INTERVAL '6 months'),
  ('0000e100-0000-0000-0000-000000000033', 'Diane', 'Essama', 'diane.essama@trendora.test', '+237685300033', '$2b$10$XQB2XqQS5DXF9Q/OW3B9Zu3ULHkfA4EQq1oNt5CbM7BDsNt7tNLLm', NOW() - INTERVAL '4 months'),
  ('0000e100-0000-0000-0000-000000000034', 'Wilfried', 'Mbarga', 'wilfried.mbarga@trendora.test', '+237696400034', '$2b$10$XQB2XqQS5DXF9Q/OW3B9Zu3ULHkfA4EQq1oNt5CbM7BDsNt7tNLLm', NOW() - INTERVAL '8 months'),
  ('0000e100-0000-0000-0000-000000000035', 'Flore', 'Ntouba', 'flore.ntouba@trendora.test', '+237657500035', '$2b$10$XQB2XqQS5DXF9Q/OW3B9Zu3ULHkfA4EQq1oNt5CbM7BDsNt7tNLLm', NOW() - INTERVAL '3 months'),
  ('0000e100-0000-0000-0000-000000000036', 'Gaetan', 'Tchoupo', 'gaetan.tchoupo@trendora.test', '+237678600036', '$2b$10$XQB2XqQS5DXF9Q/OW3B9Zu3ULHkfA4EQq1oNt5CbM7BDsNt7tNLLm', NOW() - INTERVAL '5 months'),
  ('0000e100-0000-0000-0000-000000000037', 'Ines', 'Mvondo', 'ines.mvondo@trendora.test', '+237689700037', '$2b$10$XQB2XqQS5DXF9Q/OW3B9Zu3ULHkfA4EQq1oNt5CbM7BDsNt7tNLLm', NOW() - INTERVAL '1 month'),
  ('0000e100-0000-0000-0000-000000000038', 'Rodrigue', 'Bella', 'rodrigue.bella@trendora.test', '+237650800038', '$2b$10$XQB2XqQS5DXF9Q/OW3B9Zu3ULHkfA4EQq1oNt5CbM7BDsNt7tNLLm', NOW() - INTERVAL '9 months'),
  ('0000e100-0000-0000-0000-000000000039', 'Marlene', 'Nguini', 'marlene.nguini@trendora.test', '+237671900039', '$2b$10$XQB2XqQS5DXF9Q/OW3B9Zu3ULHkfA4EQq1oNt5CbM7BDsNt7tNLLm', NOW() - INTERVAL '6 months'),
  ('0000e100-0000-0000-0000-000000000040', 'Franck', 'Owona', 'franck.owona@trendora.test', '+237683000040', '$2b$10$XQB2XqQS5DXF9Q/OW3B9Zu3ULHkfA4EQq1oNt5CbM7BDsNt7tNLLm', NOW() - INTERVAL '4 months'),
  ('0000e100-0000-0000-0000-000000000041', 'Raissa', 'Bilong', 'raissa.bilong@trendora.test', '+237654100041', '$2b$10$XQB2XqQS5DXF9Q/OW3B9Zu3ULHkfA4EQq1oNt5CbM7BDsNt7tNLLm', NOW() - INTERVAL '2 months'),
  ('0000e100-0000-0000-0000-000000000042', 'Sylvain', 'Nkembi', 'sylvain.nkembi@trendora.test', '+237675200042', '$2b$10$XQB2XqQS5DXF9Q/OW3B9Zu3ULHkfA4EQq1oNt5CbM7BDsNt7tNLLm', NOW() - INTERVAL '7 months'),
  ('0000e100-0000-0000-0000-000000000043', 'Astrid', 'Fouda', 'astrid.fouda@trendora.test', '+237686300043', '$2b$10$XQB2XqQS5DXF9Q/OW3B9Zu3ULHkfA4EQq1oNt5CbM7BDsNt7tNLLm', NOW() - INTERVAL '5 months'),
  ('0000e100-0000-0000-0000-000000000044', 'Bertrand', 'Nkili', 'bertrand.nkili@trendora.test', '+237697400044', '$2b$10$XQB2XqQS5DXF9Q/OW3B9Zu3ULHkfA4EQq1oNt5CbM7BDsNt7tNLLm', NOW() - INTERVAL '3 months'),
  ('0000e100-0000-0000-0000-000000000045', 'Corinne', 'Simo', 'corinne.simo@trendora.test', '+237658500045', '$2b$10$XQB2XqQS5DXF9Q/OW3B9Zu3ULHkfA4EQq1oNt5CbM7BDsNt7tNLLm', NOW() - INTERVAL '8 months'),
  ('0000e100-0000-0000-0000-000000000046', 'Aurelien', 'Etoga', 'aurelien.etoga@trendora.test', '+237679600046', '$2b$10$XQB2XqQS5DXF9Q/OW3B9Zu3ULHkfA4EQq1oNt5CbM7BDsNt7tNLLm', NOW() - INTERVAL '1 month'),
  ('0000e100-0000-0000-0000-000000000047', 'Beatrice', 'Abessolo', 'beatrice.abessolo@trendora.test', '+237680700047', '$2b$10$XQB2XqQS5DXF9Q/OW3B9Zu3ULHkfA4EQq1oNt5CbM7BDsNt7tNLLm', NOW() - INTERVAL '4 months'),
  ('0000e100-0000-0000-0000-000000000048', 'Landry', 'Ekani', 'landry.ekani@trendora.test', '+237651800048', '$2b$10$XQB2XqQS5DXF9Q/OW3B9Zu3ULHkfA4EQq1oNt5CbM7BDsNt7tNLLm', NOW() - INTERVAL '6 months'),
  ('0000e100-0000-0000-0000-000000000049', 'Vanessa', 'Mbem', 'vanessa.mbem@trendora.test', '+237672900049', '$2b$10$XQB2XqQS5DXF9Q/OW3B9Zu3ULHkfA4EQq1oNt5CbM7BDsNt7tNLLm', NOW() - INTERVAL '2 months'),
  ('0000e100-0000-0000-0000-000000000050', 'Ulrich', 'Nkam', 'ulrich.nkam@trendora.test', '+237684000050', '$2b$10$XQB2XqQS5DXF9Q/OW3B9Zu3ULHkfA4EQq1oNt5CbM7BDsNt7tNLLm', NOW() - INTERVAL '10 months'),
  ('0000e100-0000-0000-0000-000000000051', 'Nathalie', 'Beyala', 'nathalie.beyala@trendora.test', '+237655100051', '$2b$10$XQB2XqQS5DXF9Q/OW3B9Zu3ULHkfA4EQq1oNt5CbM7BDsNt7tNLLm', NOW() - INTERVAL '3 months'),
  ('0000e100-0000-0000-0000-000000000052', 'Romaric', 'Tchounga', 'romaric.tchounga@trendora.test', '+237676200052', '$2b$10$XQB2XqQS5DXF9Q/OW3B9Zu3ULHkfA4EQq1oNt5CbM7BDsNt7tNLLm', NOW() - INTERVAL '5 months'),
  ('0000e100-0000-0000-0000-000000000053', 'Elise', 'Nkolo', 'elise.nkolo@trendora.test', '+237687300053', '$2b$10$XQB2XqQS5DXF9Q/OW3B9Zu3ULHkfA4EQq1oNt5CbM7BDsNt7tNLLm', NOW() - INTERVAL '7 months'),
  ('0000e100-0000-0000-0000-000000000054', 'Willy', 'Onana', 'willy.onana@trendora.test', '+237698400054', '$2b$10$XQB2XqQS5DXF9Q/OW3B9Zu3ULHkfA4EQq1oNt5CbM7BDsNt7tNLLm', NOW() - INTERVAL '1 month'),
  ('0000e100-0000-0000-0000-000000000055', 'Monique', 'Etame', 'monique.etame@trendora.test', '+237659500055', '$2b$10$XQB2XqQS5DXF9Q/OW3B9Zu3ULHkfA4EQq1oNt5CbM7BDsNt7tNLLm', NOW() - INTERVAL '4 months'),
  ('0000e100-0000-0000-0000-000000000056', 'Gilles', 'Nyobe', 'gilles.nyobe@trendora.test', '+237670600056', '$2b$10$XQB2XqQS5DXF9Q/OW3B9Zu3ULHkfA4EQq1oNt5CbM7BDsNt7tNLLm', NOW() - INTERVAL '8 months'),
  ('0000e100-0000-0000-0000-000000000057', 'Estelle', 'Ndongo', 'estelle.ndongo@trendora.test', '+237681700057', '$2b$10$XQB2XqQS5DXF9Q/OW3B9Zu3ULHkfA4EQq1oNt5CbM7BDsNt7tNLLm', NOW() - INTERVAL '2 months'),
  ('0000e100-0000-0000-0000-000000000058', 'Marcel', 'Nguele', 'marcel.nguele@trendora.test', '+237692800058', '$2b$10$XQB2XqQS5DXF9Q/OW3B9Zu3ULHkfA4EQq1oNt5CbM7BDsNt7tNLLm', NOW() - INTERVAL '6 months'),
  ('0000e100-0000-0000-0000-000000000059', 'Isabelle', 'Nkwenti', 'isabelle.nkwenti@trendora.test', '+237653900059', '$2b$10$XQB2XqQS5DXF9Q/OW3B9Zu3ULHkfA4EQq1oNt5CbM7BDsNt7tNLLm', NOW() - INTERVAL '3 months'),
  ('0000e100-0000-0000-0000-000000000060', 'Armand', 'Tene', 'armand.tene@trendora.test', '+237675000060', '$2b$10$XQB2XqQS5DXF9Q/OW3B9Zu3ULHkfA4EQq1oNt5CbM7BDsNt7tNLLm', NOW() - INTERVAL '9 months');

-- CUSTOMER ADDRESSES (all in Buea, one per customer)
INSERT INTO addresses (address_id, customer_id, region, city, address_line) VALUES
  ('0000f100-0000-0000-0000-000000000001', '0000e100-0000-0000-0000-000000000001', 'South-West', 'Buea', 'Molyko Junction, opposite UB main gate'),
  ('0000f100-0000-0000-0000-000000000002', '0000e100-0000-0000-0000-000000000002', 'South-West', 'Buea', 'Mile 17 Motor Park, beside GTB bank'),
  ('0000f100-0000-0000-0000-000000000003', '0000e100-0000-0000-0000-000000000003', 'South-West', 'Buea', 'Buea Town, near post office'),
  ('0000f100-0000-0000-0000-000000000004', '0000e100-0000-0000-0000-000000000004', 'South-West', 'Buea', 'Great Soppo, opposite secondary school'),
  ('0000f100-0000-0000-0000-000000000005', '0000e100-0000-0000-0000-000000000005', 'South-West', 'Buea', 'Bonduma, near water corporation'),
  ('0000f100-0000-0000-0000-000000000006', '0000e100-0000-0000-0000-000000000006', 'South-West', 'Buea', 'Small Soppo, after check point'),
  ('0000f100-0000-0000-0000-000000000007', '0000e100-0000-0000-0000-000000000007', 'South-West', 'Buea', 'Check Point junction, Buea'),
  ('0000f100-0000-0000-0000-000000000008', '0000e100-0000-0000-0000-000000000008', 'South-West', 'Buea', 'Clerks Quarter, Buea Town'),
  ('0000f100-0000-0000-0000-000000000009', '0000e100-0000-0000-0000-000000000009', 'South-West', 'Buea', 'Wokoko, near primary school'),
  ('0000f100-0000-0000-0000-000000000010', '0000e100-0000-0000-0000-000000000010', 'South-West', 'Buea', 'GRA Buea, opposite governor residence'),
  ('0000f100-0000-0000-0000-000000000011', '0000e100-0000-0000-0000-000000000011', 'South-West', 'Buea', 'Muea Road, Mile 16 junction'),
  ('0000f100-0000-0000-0000-000000000012', '0000e100-0000-0000-0000-000000000012', 'South-West', 'Buea', 'Molyko, behind UB student union building'),
  ('0000f100-0000-0000-0000-000000000013', '0000e100-0000-0000-0000-000000000013', 'South-West', 'Buea', 'Sandpit, Buea'),
  ('0000f100-0000-0000-0000-000000000014', '0000e100-0000-0000-0000-000000000014', 'South-West', 'Buea', 'Bokwango road, near clinic'),
  ('0000f100-0000-0000-0000-000000000015', '0000e100-0000-0000-0000-000000000015', 'South-West', 'Buea', 'Camvert area, Buea'),
  ('0000f100-0000-0000-0000-000000000016', '0000e100-0000-0000-0000-000000000016', 'South-West', 'Buea', 'Molyko, beside Fako pharmacy'),
  ('0000f100-0000-0000-0000-000000000017', '0000e100-0000-0000-0000-000000000017', 'South-West', 'Buea', 'Malingo, Buea'),
  ('0000f100-0000-0000-0000-000000000018', '0000e100-0000-0000-0000-000000000018', 'South-West', 'Buea', 'UB Junction, Molyko'),
  ('0000f100-0000-0000-0000-000000000019', '0000e100-0000-0000-0000-000000000019', 'South-West', 'Buea', 'Molyko Market area'),
  ('0000f100-0000-0000-0000-000000000020', '0000e100-0000-0000-0000-000000000020', 'South-West', 'Buea', 'Mile 17, after motor park'),
  ('0000f100-0000-0000-0000-000000000021', '0000e100-0000-0000-0000-000000000021', 'South-West', 'Buea', 'Buea Road, Mutengene junction'),
  ('0000f100-0000-0000-0000-000000000022', '0000e100-0000-0000-0000-000000000022', 'South-West', 'Buea', 'Soppo Market, Buea'),
  ('0000f100-0000-0000-0000-000000000023', '0000e100-0000-0000-0000-000000000023', 'South-West', 'Buea', 'Federal Quarter, Buea Town'),
  ('0000f100-0000-0000-0000-000000000024', '0000e100-0000-0000-0000-000000000024', 'South-West', 'Buea', 'Buea Heights, up station road'),
  ('0000f100-0000-0000-0000-000000000025', '0000e100-0000-0000-0000-000000000025', 'South-West', 'Buea', 'Likoko, near main road'),
  ('0000f100-0000-0000-0000-000000000026', '0000e100-0000-0000-0000-000000000026', 'South-West', 'Buea', 'Buea Central Market area'),
  ('0000f100-0000-0000-0000-000000000027', '0000e100-0000-0000-0000-000000000027', 'South-West', 'Buea', 'Mile 16, Buea'),
  ('0000f100-0000-0000-0000-000000000028', '0000e100-0000-0000-0000-000000000028', 'South-West', 'Buea', 'Buea Town, opposite council hall'),
  ('0000f100-0000-0000-0000-000000000029', '0000e100-0000-0000-0000-000000000029', 'South-West', 'Buea', 'Molyko, near Total filling station'),
  ('0000f100-0000-0000-0000-000000000030', '0000e100-0000-0000-0000-000000000030', 'South-West', 'Buea', 'Biafra Junction, Buea'),
  ('0000f100-0000-0000-0000-000000000031', '0000e100-0000-0000-0000-000000000031', 'South-West', 'Buea', 'Molyko, beside EcoBank'),
  ('0000f100-0000-0000-0000-000000000032', '0000e100-0000-0000-0000-000000000032', 'South-West', 'Buea', 'Great Soppo, near Baptist church'),
  ('0000f100-0000-0000-0000-000000000033', '0000e100-0000-0000-0000-000000000033', 'South-West', 'Buea', 'Bonduma, opposite police station'),
  ('0000f100-0000-0000-0000-000000000034', '0000e100-0000-0000-0000-000000000034', 'South-West', 'Buea', 'Check Point, near bridge'),
  ('0000f100-0000-0000-0000-000000000035', '0000e100-0000-0000-0000-000000000035', 'South-West', 'Buea', 'Clerks Quarter, behind old post office'),
  ('0000f100-0000-0000-0000-000000000036', '0000e100-0000-0000-0000-000000000036', 'South-West', 'Buea', 'Wokoko junction, Buea'),
  ('0000f100-0000-0000-0000-000000000037', '0000e100-0000-0000-0000-000000000037', 'South-West', 'Buea', 'GRA, near finance ministry annex'),
  ('0000f100-0000-0000-0000-000000000038', '0000e100-0000-0000-0000-000000000038', 'South-West', 'Buea', 'Muea, opposite market'),
  ('0000f100-0000-0000-0000-000000000039', '0000e100-0000-0000-0000-000000000039', 'South-West', 'Buea', 'Sandpit road, Buea'),
  ('0000f100-0000-0000-0000-000000000040', '0000e100-0000-0000-0000-000000000040', 'South-West', 'Buea', 'Bokwango, near road junction'),
  ('0000f100-0000-0000-0000-000000000041', '0000e100-0000-0000-0000-000000000041', 'South-West', 'Buea', 'Molyko, beside Access Bank ATM'),
  ('0000f100-0000-0000-0000-000000000042', '0000e100-0000-0000-0000-000000000042', 'South-West', 'Buea', 'Small Soppo market area'),
  ('0000f100-0000-0000-0000-000000000043', '0000e100-0000-0000-0000-000000000043', 'South-West', 'Buea', 'Buea Town, near fire service'),
  ('0000f100-0000-0000-0000-000000000044', '0000e100-0000-0000-0000-000000000044', 'South-West', 'Buea', 'Mile 17, opposite secondary school'),
  ('0000f100-0000-0000-0000-000000000045', '0000e100-0000-0000-0000-000000000045', 'South-West', 'Buea', 'Molyko, near UB faculty gate'),
  ('0000f100-0000-0000-0000-000000000046', '0000e100-0000-0000-0000-000000000046', 'South-West', 'Buea', 'Bonduma, near health center'),
  ('0000f100-0000-0000-0000-000000000047', '0000e100-0000-0000-0000-000000000047', 'South-West', 'Buea', 'GRA Buea, beside prefectural office'),
  ('0000f100-0000-0000-0000-000000000048', '0000e100-0000-0000-0000-000000000048', 'South-West', 'Buea', 'Likoko Membea road, Buea'),
  ('0000f100-0000-0000-0000-000000000049', '0000e100-0000-0000-0000-000000000049', 'South-West', 'Buea', 'Buea Heights, Fako road'),
  ('0000f100-0000-0000-0000-000000000050', '0000e100-0000-0000-0000-000000000050', 'South-West', 'Buea', 'Molyko, after UB main gate'),
  ('0000f100-0000-0000-0000-000000000051', '0000e100-0000-0000-0000-000000000051', 'South-West', 'Buea', 'Great Soppo, near market junction'),
  ('0000f100-0000-0000-0000-000000000052', '0000e100-0000-0000-0000-000000000052', 'South-West', 'Buea', 'Soppo, beside Presbyterian church'),
  ('0000f100-0000-0000-0000-000000000053', '0000e100-0000-0000-0000-000000000053', 'South-West', 'Buea', 'Wokoko, near Buea hospital road'),
  ('0000f100-0000-0000-0000-000000000054', '0000e100-0000-0000-0000-000000000054', 'South-West', 'Buea', 'Mile 16, behind market'),
  ('0000f100-0000-0000-0000-000000000055', '0000e100-0000-0000-0000-000000000055', 'South-West', 'Buea', 'Check Point, Molyko side'),
  ('0000f100-0000-0000-0000-000000000056', '0000e100-0000-0000-0000-000000000056', 'South-West', 'Buea', 'Federal Quarter, near SDF office'),
  ('0000f100-0000-0000-0000-000000000057', '0000e100-0000-0000-0000-000000000057', 'South-West', 'Buea', 'Buea Town, opposite Amour Mezam'),
  ('0000f100-0000-0000-0000-000000000058', '0000e100-0000-0000-0000-000000000058', 'South-West', 'Buea', 'Molyko, beside Chicken Republic'),
  ('0000f100-0000-0000-0000-000000000059', '0000e100-0000-0000-0000-000000000059', 'South-West', 'Buea', 'Muea Road, near junction'),
  ('0000f100-0000-0000-0000-000000000060', '0000e100-0000-0000-0000-000000000060', 'South-West', 'Buea', 'Bonduma, near Catholic church');

-- PRODUCT IMAGES (for all 33 questionnaire-based products)
INSERT INTO product_images (prod_id, image_url) VALUES
  ('0000c100-0000-0000-0000-000000000001', '../src/jeans.png'),
  ('0000c100-0000-0000-0000-000000000002', '../src/dress.png'),
  ('0000c100-0000-0000-0000-000000000003', '../src/hoodie.png'),
  ('0000c100-0000-0000-0000-000000000004', '../src/shoe.png'),
  ('0000c100-0000-0000-0000-000000000005', '../src/watch.png'),
  ('0000c100-0000-0000-0000-000000000006', '../src/jacket.png'),
  ('0000c100-0000-0000-0000-000000000007', '../src/ankara_dress.png'),
  ('0000c100-0000-0000-0000-000000000008', '../src/sandals.png'),
  ('0000c100-0000-0000-0000-000000000009', '../src/moisturizer.png'),
  ('0000c100-0000-0000-0000-000000000010', '../src/polo_shirt.png'),
  ('0000c100-0000-0000-0000-000000000011', '../src/jogger_pants.png'),
  ('0000c100-0000-0000-0000-000000000012', '../src/belt.png'),
  ('0000c100-0000-0000-0000-000000000013', '../src/dress.png'),
  ('0000c100-0000-0000-0000-000000000014', '../src/shoe.png'),
  ('0000c100-0000-0000-0000-000000000015', '../src/moisturizer.png'),
  ('0000c100-0000-0000-0000-000000000016', '../src/jeans.png'),
  ('0000c100-0000-0000-0000-000000000017', '../src/dress.png'),
  ('0000c100-0000-0000-0000-000000000018', '../src/watch.png'),
  ('0000c100-0000-0000-0000-000000000019', '../src/hoodie.png'),
  ('0000c100-0000-0000-0000-000000000020', '../src/shoe.png'),
  ('0000c100-0000-0000-0000-000000000021', '../src/dress.png'),
  ('0000c100-0000-0000-0000-000000000022', '../src/jacket.png'),
  ('0000c100-0000-0000-0000-000000000023', '../src/watch.png'),
  ('0000c100-0000-0000-0000-000000000024', '../src/moisturizer.png'),
  ('0000c100-0000-0000-0000-000000000025', '../src/dress.png'),
  ('0000c100-0000-0000-0000-000000000026', '../src/jeans.png'),
  ('0000c100-0000-0000-0000-000000000027', '../src/shoe.png'),
  ('0000c100-0000-0000-0000-000000000028', '../src/moisturizer.png'),
  ('0000c100-0000-0000-0000-000000000029', '../src/watch.png'),
  ('0000c100-0000-0000-0000-000000000030', '../src/dress.png'),
  ('0000c100-0000-0000-0000-000000000031', '../src/hoodie.png'),
  ('0000c100-0000-0000-0000-000000000032', '../src/watch.png'),
  ('0000c100-0000-0000-0000-000000000033', '../src/dress.png')
;

-- CARTS (one per customer)
INSERT INTO carts (cart_id, customer_id, created_at)
SELECT gen_random_uuid(), customer_id, NOW()
FROM customer WHERE customer_id::text LIKE '0000e100%';

-- REFRESH MATERIALIZED VIEWS
REFRESH MATERIALIZED VIEW mv_featured_products;
REFRESH MATERIALIZED VIEW mv_category_summary;
REFRESH MATERIALIZED VIEW mv_daily_sales;
REFRESH MATERIALIZED VIEW mv_top_vendors;
